{
  "version": 1,
  "cmakeMinimumRequired": {
    "major": 3,
    "minor": 19,
    "patch": 0
  },
  "configurePresets": [
    {
      "name": "Base",
      "displayName": "Base config",
      "description": "Base Debug config",
      "generator": "Ninja",
      "binaryDir": "${sourceDir}/build",
      "cacheVariables": {
        "CMAKE_BUILD_TYPE": {
          "type": "STRING",
          "value": "Debug"
        }
      }
    }
    ,{
      "name": "Catalyst-base",
      "inherits": "Base",
      "displayName": "PV catalyst config",
      "description": "Catalyst 5.8 build",
      "binaryDir": "${sourceDir}/build-catalyst",
      "cacheVariables" : {
        "USE_MPI": {
          "type": "BOOL",
          "value": "ON"
        },
        "ENABLE_INSITU": {
          "type": "BOOL",
          "value": "ON"
        }
      }
    },
    {
      "name": "Sensei-base",
      "inherits": "Base",
      "displayName": "Sensei config",
      "description": "Sensei - catalyst config",
      "binaryDir": "${sourceDir}/build-sensei",
      "cacheVariables" : {
        "USE_MPI": {
          "type": "BOOL",
          "value": "ON"
        },
        "ENABLE_INSITU": {
          "type": "BOOL",
          "value": "ON"
        },
        "INSITU_FRAMEWORK": {
          "type": "STRING",
          "value": "Sensei"
        }
      }
    }
  ]
}
